customer_id_legacy,transaction_id,purchase_amount,purchase_date,product_category,customer_rating,log_purchase_amount
151,1001,402.28911271093773,2024-01-01,Sports,2.3,5.999653706005237
192,1002,329.9273907236439,2024-01-02,Electronics,4.2,5.801898987940722
114,1003,435.17769103221275,2024-01-03,Electronics,2.1,6.078049708562828
171,1004,252.94665806944732,2024-01-04,Clothing,2.8,5.537124237363251
160,1005,60.48528696545129,2024-01-05,Clothing,1.3,4.11879790985677
120,1006,395.6228092442782,2024-01-06,Groceries,1.1,5.982985726394322
182,1007,106.19173119264096,2024-01-07,Sports,4.9,4.674619111264685
186,1008,429.1307968328766,2024-01-08,Clothing,4.3,6.064089341115761
174,1009,229.51817153401214,2024-01-09,Electronics,3.8,5.440329694617921
174,1010,100.8823448982988,2024-01-10,Sports,2.6,4.623818666123366
187,1011,396.4726835428276,2024-01-11,Sports,1.7,5.98512621108604
199,1012,277.31167278791065,2024-01-12,Electronics,1.6,5.628741610835548
123,1013,285.735843828429,2024-01-13,Clothing,2.0,5.6585613871480644
102,1014,108.63636247143705,2024-01-14,Electronics,3.2,4.697169093863393
121,1015,135.37505684633865,2024-01-15,Sports,3.9,4.915408860991562
152,1016,429.62623827641835,2024-01-16,Books,3.6,6.065240517296836
101,1017,257.43040708030287,2024-01-17,Books,2.1,5.554626439444728
187,1018,453.3436025764657,2024-01-18,Groceries,4.8,6.118853745655885
129,1019,283.1450042453589,2024-01-19,Electronics,4.0,5.6494846861891705
137,1020,290.8037678106436,2024-01-20,Electronics,3.2,5.676081548310475
101,1021,196.38490737745167,2024-01-21,Groceries,3.4,5.285155667021942
163,1022,216.90498823059517,2024-01-22,Groceries,2.7,5.384059133981323
159,1023,89.16095689239825,2024-01-23,Groceries,2.0,4.501596482944924
120,1024,99.29468650746412,2024-01-24,Sports,2.4,4.608112717567246
132,1025,69.78124755366458,2024-01-25,Electronics,4.0,4.2595941005554945
175,1026,209.0520167151419,2024-01-26,Sports,1.1,5.347355198688757
157,1027,377.05573525919584,2024-01-27,Groceries,1.5,5.935041632525883
121,1028,243.72138371113823,2024-01-28,Electronics,1.2,5.500120354089241
188,1029,301.33771285455435,2024-01-29,Sports,1.2,5.711544647079335
148,1030,139.14891313539388,2024-01-30,Sports,4.4,4.942705522571051
190,1031,331.7124018332735,2024-01-31,Groceries,3.8,5.807278458654523
158,1032,111.03043347637885,2024-02-01,Electronics,2.9,4.7187705618515405
141,1033,226.872511561097,2024-02-02,Groceries,1.4,5.428786312746539
191,1034,103.03151616745018,2024-02-03,Electronics,3.0,4.644693893305641
159,1035,125.23732700535382,2024-02-04,Books,2.9,4.838163682961431
179,1036,486.24269842842,2024-02-05,Clothing,1.7,6.188762353007909
114,1037,177.55680227927976,2024-02-06,Clothing,2.7,5.18490677065042
161,1038,326.2700927770664,2024-02-07,Clothing,2.6,5.790785801765578
161,1039,90.91666777690868,2024-02-08,Groceries,2.985,4.520882381544291
146,1040,165.0198579503356,2024-02-09,Books,3.5,5.11210740740874
161,1041,98.0037684139139,2024-02-10,Electronics,1.2,4.595157914197153
150,1042,400.344788769482,2024-02-11,Sports,2.985,5.994820880238853
154,1043,337.1333214711867,2024-02-12,Electronics,2.985,5.823440259933582
163,1044,494.0081833020386,2024-02-13,Sports,3.0,6.20457429435535
102,1045,369.64118340607297,2024-02-14,Electronics,4.4,5.915234433975282
150,1046,170.3046404953515,2024-02-15,Books,3.6,5.143443494836773
106,1047,394.70118743756336,2024-02-16,Sports,1.7,5.980659349239955
120,1048,295.542556359412,2024-02-17,Groceries,1.3,5.6921907371752765
172,1049,247.36222755003772,2024-02-18,Electronics,3.6,5.5148882754935045
138,1050,266.47785381733735,2024-02-19,Electronics,1.1,5.5890367734409265
117,1051,430.6429050467498,2024-02-20,Sports,3.3,6.067598637726684
103,1052,416.1498111305363,2024-02-21,Groceries,4.8,6.0334454165864715
188,1053,330.39180317005145,2024-02-22,Groceries,3.3,5.803301370739836
159,1054,509.53569210084834,2024-02-23,Books,2.6,6.235460551127115
113,1055,163.19682641432757,2024-02-24,Groceries,3.6,5.101065869269597
108,1056,170.46441994669695,2024-02-25,Groceries,2.8,5.144375781214733
189,1057,281.22228397540175,2024-02-26,Groceries,3.2,5.642695001486818
152,1058,307.689887096276,2024-02-27,Clothing,4.8,5.732337171322253
101,1059,397.42350708795175,2024-02-28,Books,2.5,5.98751552770461
183,1060,255.42542302262711,2024-02-29,Electronics,4.8,5.546837873885503
191,1061,446.4904997908378,2024-03-01,Sports,4.6,6.10365530797188
159,1062,186.4151110421096,2024-03-02,Electronics,1.8,5.233326001783517
170,1063,365.270513601379,2024-03-03,Books,1.3,5.903372168595902
143,1064,215.9580407239507,2024-03-04,Sports,1.4,5.3797039741247445
107,1065,266.8880306014266,2024-03-05,Books,1.1,5.590569096946347
146,1066,364.27054665403455,2024-03-06,Groceries,1.4,5.900638302721552
134,1067,288.425790841396,2024-03-07,Sports,3.7,5.667898928545158
177,1068,221.61609817550556,2024-03-08,Groceries,1.3,5.405448755074296
180,1069,195.0491185907254,2024-03-09,Electronics,2.3,5.278365232889037
135,1070,353.04503251553774,2024-03-10,Electronics,2.985,5.869424115539075
149,1071,426.57442052213474,2024-03-11,Sports,1.1,6.058128356318824
103,1072,207.53247924150378,2024-03-12,Sports,4.3,5.340094804845703
101,1073,135.0470174747743,2024-03-13,Books,2.1,4.913000542716076
105,1074,277.80190066718956,2024-03-14,Books,1.5,5.630501496177297
153,1075,235.74102885045272,2024-03-15,Groceries,3.8,5.466966838425119
103,1076,154.17152608676395,2024-03-16,Sports,3.5,5.044531124981385
153,1077,371.7428914814077,2024-03-17,Electronics,4.5,5.92088888299059
192,1078,476.50182097013885,2024-03-18,Books,3.9,6.168567973463542
162,1079,108.09338063027317,2024-03-19,Books,4.2,4.692204218498587
117,1080,322.731914350656,2024-03-20,Electronics,2.1,5.779915748443795
189,1081,343.4628073341762,2024-03-21,Books,2.985,5.841986123331355
143,1082,419.70258345028844,2024-03-22,Groceries,4.0,6.041926131415007
133,1083,431.3823664407499,2024-03-23,Sports,4.2,6.069310304269184
173,1084,155.63785298153726,2024-03-24,Electronics,5.0,5.053936471982039
161,1085,149.65492450594502,2024-03-25,Sports,2.7,5.014991953432
199,1086,167.23376633060158,2024-03-26,Books,2.5,5.125354478464779
113,1087,499.36547563111594,2024-03-27,Books,4.1,6.215338782669658
194,1088,140.5802757686114,2024-03-28,Electronics,2.4,4.9528668761377
147,1089,238.2768229493528,2024-03-29,Groceries,2.985,5.477621136689884
114,1090,151.78634884749698,2024-03-30,Clothing,4.4,5.0290405327380725
171,1091,59.27446410558073,2024-03-31,Electronics,2.7,4.098908533203667
177,1092,176.17942694785808,2024-04-01,Clothing,4.0,5.1771629306850455
186,1093,275.53486260043746,2024-04-02,Clothing,4.0,5.622336898368504
161,1094,89.91316618384451,2024-04-03,Groceries,1.4,4.50990483320131
139,1095,405.1005302975375,2024-04-04,Clothing,4.6,6.006600740521336
184,1096,272.8519502822355,2024-04-05,Clothing,3.0,5.612587632921499
179,1097,278.32056791184317,2024-04-06,Groceries,4.3,5.632360111170108
181,1098,439.43483303716033,2024-04-07,Clothing,2.985,6.087762495810581
152,1099,452.8513470127609,2024-04-08,Clothing,4.6,6.117769714937299
123,1100,173.5370541313962,2024-04-09,Clothing,2.6,5.162137063693089
125,1101,184.43518612156308,2024-04-10,Electronics,2.985,5.222705420030827
188,1102,97.44262604907632,2024-04-11,Electronics,4.6,4.589473901813488
159,1103,227.0736479111101,2024-04-12,Electronics,1.4,5.429668593949623
140,1104,266.54506171480386,2024-04-13,Groceries,2.3,5.589288007157722
128,1105,211.3782757961426,2024-04-14,Books,4.8,5.358369004457683
114,1106,243.57788203321218,2024-04-15,Clothing,4.8,5.499533794116289
144,1107,461.803918679696,2024-04-16,Clothing,3.3,6.137303462612317
164,1108,284.9506999308446,2024-04-17,Groceries,3.5,5.655819418096901
188,1109,379.2987035996723,2024-04-18,Clothing,2.8,5.940957006039822
170,1110,492.41941591729005,2024-04-19,Electronics,2.985,6.201359554592377
108,1111,257.3449592064477,2024-04-20,Books,2.3,5.554295743052413
187,1112,242.30146886479943,2024-04-21,Sports,3.7,5.494301287028957
100,1113,175.04166802241502,2024-04-22,Clothing,4.0,5.170720717144621
107,1114,438.81740373918126,2024-04-23,Electronics,4.2,6.086359649277642
187,1115,307.4110857386664,2024-04-24,Sports,4.2,5.731433587018056
162,1116,339.18940695754577,2024-04-25,Books,1.4,5.829502541786044
110,1117,336.51980643351396,2024-04-26,Sports,3.0,5.821624194319575
180,1118,376.61661852952614,2024-04-27,Electronics,1.2,5.933879444239138
107,1119,422.94316612126806,2024-04-28,Sports,3.2,6.049599404080683
134,1120,143.18210454381386,2024-04-29,Groceries,2.8,4.971077115511696
134,1121,237.441313561014,2024-04-30,Sports,4.6,5.474123215315808
132,1122,452.3197823533052,2024-05-01,Clothing,2.4,6.116597797747508
104,1123,295.2339739611502,2024-05-02,Clothing,1.5,5.691149594652411
140,1124,182.77692136902934,2024-05-03,Groceries,1.6,5.21372263821314
127,1125,143.9276483514833,2024-05-04,Electronics,4.0,4.976234641003859
106,1126,249.0136687725651,2024-05-05,Clothing,3.5,5.521515591457878
172,1127,156.97229586504946,2024-05-06,Books,1.4,5.062419675026382
171,1128,223.1542787270814,2024-05-07,Clothing,1.3,5.41233455909685
111,1129,367.0504850928781,2024-05-08,Clothing,3.8,5.908220116511938
133,1130,402.17896085390254,2024-05-09,Electronics,1.3,5.999380534973844
132,1131,312.0717905060313,2024-05-10,Sports,4.3,5.746432526879642
147,1132,196.94450479097384,2024-05-11,Clothing,3.8,5.287986712575616
122,1133,304.80095080223924,2024-05-12,Groceries,1.3,5.722934402719164
161,1134,494.2139773547983,2024-05-13,Sports,1.3,6.204989946648136
187,1135,480.9106017103204,2024-05-14,Books,4.9,6.177758623218199
136,1136,459.2730516391798,2024-05-15,Electronics,2.5,6.13181990389793
198,1137,389.12976109471566,2024-05-16,Books,2.5,5.966479404540097
143,1138,200.74295537265382,2024-05-17,Sports,4.3,5.30699438893276
185,1139,191.44655090964977,2024-05-18,Sports,4.8,5.259818457561618
190,1140,409.3529767397119,2024-05-19,Sports,4.9,6.017017708197605
134,1141,239.17365224673946,2024-05-20,Books,4.0,5.481362212733225
164,1142,351.80453832939617,2024-05-21,Sports,2.5,5.865914187795353
198,1143,475.4786886288616,2024-05-22,Books,2.985,6.166422997285808
146,1144,472.8302435852322,2024-05-23,Sports,4.1,6.160849121652966
177,1145,174.48201678335167,2024-05-24,Groceries,3.2,5.167536569184738
102,1146,93.05525769724495,2024-05-25,Sports,2.7,4.543882457398175
100,1147,397.22051026789586,2024-05-26,Books,4.6,5.987005897756912
104,1148,403.1449081097191,2024-05-27,Clothing,1.4,6.001773497089522
189,1149,184.50844286458423,2024-05-28,Sports,3.0,5.223100395106549
113,1150,306.8040070478219,2024-05-29,Clothing,1.0,5.72946323966904
162,1079,104.4709663814006,2024-03-19,Books,4.2,4.692204218498587
138,1050,269.26577126767677,2024-02-19,Electronics,1.1,5.5890367734409265
199,1012,281.200176072391,2024-01-12,Electronics,1.6,5.628741610835548
161,1094,93.57458865028899,2024-04-03,Groceries,1.4,4.50990483320131
158,1032,105.3963122816994,2024-02-01,Electronics,2.9,4.7187705618515405
120,1006,395.22274202973273,2024-01-06,Groceries,1.1,5.982985726394322
127,1125,144.14929406936847,2024-05-04,Electronics,4.0,4.976234641003859
134,1121,231.10659748636516,2024-04-30,Sports,4.6,5.474123215315808
143,1082,411.7303303605498,2024-03-22,Groceries,4.0,6.041926131415007
177,1092,175.24666440805262,2024-04-01,Clothing,4.0,5.1771629306850455
114,1090,156.798178981218,2024-03-30,Clothing,4.4,5.0290405327380725
199,1086,158.48954187701585,2024-03-26,Books,2.5,5.125354478464779
187,1115,303.5292568359532,2024-04-24,Sports,4.2,5.731433587018056
187,1011,400.2755929350118,2024-01-11,Sports,1.7,5.98512621108604
143,1082,416.8410731009288,2024-03-22,Groceries,4.0,6.041926131415007
114,1003,434.0910723515741,2024-01-03,Electronics,2.1,6.078049708562828
199,1086,167.68902823655296,2024-03-26,Books,2.5,5.125354478464779
161,1039,82.47257659418716,2024-02-08,Groceries,2.985,4.520882381544291
191,1061,446.09743635054866,2024-03-01,Sports,4.6,6.10365530797188
198,1143,483.56916014598943,2024-05-22,Books,2.985,6.166422997285808
182,1007,110.41655582499725,2024-01-07,Sports,4.9,4.674619111264685
183,1060,253.4375583879104,2024-02-29,Electronics,4.8,5.546837873885503
114,1090,158.3273826241718,2024-03-30,Clothing,4.4,5.0290405327380725
113,1087,503.4463080474431,2024-03-27,Books,4.1,6.215338782669658
198,1143,471.6591386294565,2024-05-22,Books,2.985,6.166422997285808
162,1079,106.19771445068736,2024-03-19,Books,4.2,4.692204218498587
117,1080,320.38332319266686,2024-03-20,Electronics,2.1,5.779915748443795
104,1123,287.2506085244437,2024-05-02,Clothing,1.5,5.691149594652411
102,1014,103.13855924667506,2024-01-14,Electronics,3.2,4.697169093863393
144,1107,462.2755451371145,2024-04-16,Clothing,3.3,6.137303462612317
179,1097,286.51473097978965,2024-04-06,Groceries,4.3,5.632360111170108
140,1104,268.03389788855895,2024-04-13,Groceries,2.3,5.589288007157722
129,1019,289.24500357539637,2024-01-19,Electronics,4.0,5.6494846861891705
141,1033,225.75494795844247,2024-02-02,Groceries,1.4,5.428786312746539
152,1016,426.5108592517341,2024-01-16,Books,3.6,6.065240517296836
162,1116,342.85432547695467,2024-04-25,Books,1.4,5.829502541786044
188,1109,368.9499935101749,2024-04-18,Clothing,2.8,5.940957006039822
105,1074,271.9282289685501,2024-03-14,Books,1.5,5.630501496177297
144,1107,459.97371582582304,2024-04-16,Clothing,3.3,6.137303462612317
159,1062,176.4173733775461,2024-03-02,Electronics,1.8,5.233326001783517
147,1132,199.7927439792677,2024-05-11,Clothing,3.8,5.287986712575616
101,1073,137.20578947506166,2024-03-13,Books,2.1,4.913000542716076
177,1068,229.3327863457093,2024-03-08,Groceries,1.3,5.405448755074296
143,1138,199.2466590841784,2024-05-17,Sports,4.3,5.30699438893276
107,1114,432.8612774945644,2024-04-23,Electronics,4.2,6.086359649277642
188,1109,377.13054707147677,2024-04-18,Clothing,2.8,5.940957006039822
170,1063,369.8004067213549,2024-03-03,Books,1.3,5.903372168595902
106,1047,389.01220316545334,2024-02-16,Sports,1.7,5.980659349239955
108,1111,255.60164703379863,2024-04-20,Books,2.3,5.554295743052413
192,1002,324.86473329634407,2024-01-02,Electronics,4.2,5.801898987940722
117,1080,318.1903042142653,2024-03-20,Electronics,2.1,5.779915748443795
199,1086,153.63432328447155,2024-03-26,Books,2.5,5.125354478464779
107,1119,425.2214302890562,2024-04-28,Sports,3.2,6.049599404080683
177,1092,172.89983276382156,2024-04-01,Clothing,4.0,5.1771629306850455
157,1027,368.40595842166886,2024-01-27,Groceries,1.5,5.935041632525883
123,1013,285.0462333502637,2024-01-13,Clothing,2.0,5.6585613871480644
114,1003,440.8550953365706,2024-01-03,Electronics,2.1,6.078049708562828
153,1077,372.17221340871026,2024-03-17,Electronics,4.5,5.92088888299059
198,1137,388.1808374883125,2024-05-16,Books,2.5,5.966479404540097
110,1117,342.26799771635234,2024-04-26,Sports,3.0,5.821624194319575
177,1092,183.25364250778725,2024-04-01,Clothing,4.0,5.1771629306850455
101,1073,138.1940217380432,2024-03-13,Books,2.1,4.913000542716076
146,1040,158.77202017898463,2024-02-09,Books,3.5,5.11210740740874
120,1006,394.0246601563865,2024-01-06,Groceries,1.1,5.982985726394322
138,1050,260.69570803082786,2024-02-19,Electronics,1.1,5.5890367734409265
189,1149,182.4417963149746,2024-05-28,Sports,3.0,5.223100395106549
125,1101,183.0814714876756,2024-04-10,Electronics,2.985,5.222705420030827
161,1094,90.46978959118358,2024-04-03,Groceries,1.4,4.50990483320131
189,1057,283.27984571998763,2024-02-26,Groceries,3.2,5.642695001486818
107,1065,276.5630457983993,2024-03-05,Books,1.1,5.590569096946347
161,1094,93.63972562485017,2024-04-03,Groceries,1.4,4.50990483320131
187,1115,315.2276344677585,2024-04-24,Sports,4.2,5.731433587018056
161,1094,90.80055185984266,2024-04-03,Groceries,1.4,4.50990483320131
158,1032,112.46258451968187,2024-02-01,Electronics,2.9,4.7187705618515405
187,1115,299.1714707450751,2024-04-24,Sports,4.2,5.731433587018056
191,1034,113.05929536763075,2024-02-03,Electronics,3.0,4.644693893305641
143,1082,419.7333876508289,2024-03-22,Groceries,4.0,6.041926131415007
170,1063,374.8795866354286,2024-03-03,Books,1.3,5.903372168595902
152,1016,430.0831190093388,2024-01-16,Books,3.6,6.065240517296836
152,1058,292.6666481938119,2024-02-27,Clothing,4.8,5.732337171322253
133,1083,428.6119821349241,2024-03-23,Sports,4.2,6.069310304269184
192,1002,333.96975085913965,2024-01-02,Electronics,4.2,5.801898987940722
147,1089,237.88277160379005,2024-03-29,Groceries,2.985,5.477621136689884
132,1122,452.2163410650128,2024-05-01,Clothing,2.4,6.116597797747508
191,1061,450.0923985331452,2024-03-01,Sports,4.6,6.10365530797188
159,1023,91.44797833629191,2024-01-23,Groceries,2.0,4.501596482944924
125,1101,194.09930162422964,2024-04-10,Electronics,2.985,5.222705420030827
187,1011,395.17683008051466,2024-01-11,Sports,1.7,5.98512621108604
187,1011,398.73528243094296,2024-01-11,Sports,1.7,5.98512621108604
144,1107,456.94193385371244,2024-04-16,Clothing,3.3,6.137303462612317
173,1084,154.78192879433362,2024-03-24,Electronics,5.0,5.053936471982039
164,1108,288.31833957820595,2024-04-17,Groceries,3.5,5.655819418096901
127,1125,149.8898423930062,2024-05-04,Electronics,4.0,4.976234641003859
192,1002,333.5834148574033,2024-01-02,Electronics,4.2,5.801898987940722
140,1104,269.47120418237097,2024-04-13,Groceries,2.3,5.589288007157722
107,1065,269.5678604908622,2024-03-05,Books,1.1,5.590569096946347
170,1110,490.4254492478265,2024-04-19,Electronics,2.985,6.201359554592377
179,1036,483.8378189892242,2024-02-05,Clothing,1.7,6.188762353007909
187,1112,237.06352909397637,2024-04-21,Sports,3.7,5.494301287028957
138,1050,270.3259105505483,2024-02-19,Electronics,1.1,5.5890367734409265
172,1127,147.47382712726352,2024-05-06,Books,1.4,5.062419675026382
114,1106,245.04983387534466,2024-04-15,Clothing,4.8,5.499533794116289
171,1004,255.03988079299268,2024-01-04,Clothing,2.8,5.537124237363251
161,1094,96.2127583302591,2024-04-03,Groceries,1.4,4.50990483320131
177,1068,212.59791280358675,2024-03-08,Groceries,1.3,5.405448755074296
161,1041,98.04331786859447,2024-02-10,Electronics,1.2,4.595157914197153
132,1131,326.73847936272716,2024-05-10,Sports,4.3,5.746432526879642
159,1023,94.06485405955817,2024-01-23,Groceries,2.0,4.501596482944924
103,1052,412.1273991977433,2024-02-21,Groceries,4.8,6.0334454165864715
147,1089,240.69483817687527,2024-03-29,Groceries,2.985,5.477621136689884
194,1088,141.97547429554436,2024-03-28,Electronics,2.4,4.9528668761377
100,1113,177.40264748251093,2024-04-22,Clothing,4.0,5.170720717144621
128,1105,219.2486189379501,2024-04-14,Books,4.8,5.358369004457683
161,1134,504.826893510603,2024-05-13,Sports,1.3,6.204989946648136
147,1132,195.62428336151763,2024-05-11,Clothing,3.8,5.287986712575616
106,1047,408.78397742679067,2024-02-16,Sports,1.7,5.980659349239955
140,1124,189.31098063196026,2024-05-03,Groceries,1.6,5.21372263821314
108,1111,255.9668029232679,2024-04-20,Books,2.3,5.554295743052413
152,1099,457.3263202856344,2024-04-08,Clothing,4.6,6.117769714937299
189,1081,347.36976518924973,2024-03-21,Books,2.985,5.841986123331355
143,1082,414.81065845908887,2024-03-22,Groceries,4.0,6.041926131415007
189,1081,349.24535679726245,2024-03-21,Books,2.985,5.841986123331355
123,1013,285.8513422090168,2024-01-13,Clothing,2.0,5.6585613871480644
113,1150,304.5440654749506,2024-05-29,Clothing,1.0,5.72946323966904
177,1145,170.36110425189446,2024-05-24,Groceries,3.2,5.167536569184738
144,1107,453.7168360807874,2024-04-16,Clothing,3.3,6.137303462612317
161,1041,87.74896081705907,2024-02-10,Electronics,1.2,4.595157914197153
198,1137,385.0315582484939,2024-05-16,Books,2.5,5.966479404540097
151,1001,393.7799871400555,2024-01-01,Sports,2.3,5.999653706005237
105,1074,279.20292626530716,2024-03-14,Books,1.5,5.630501496177297
152,1099,457.72799511553757,2024-04-08,Clothing,4.6,6.117769714937299
114,1037,175.4393385305349,2024-02-06,Clothing,2.7,5.18490677065042
143,1082,424.60916175680353,2024-03-22,Groceries,4.0,6.041926131415007
114,1037,175.1405468294473,2024-02-06,Clothing,2.7,5.18490677065042
106,1126,255.54143011441104,2024-05-05,Clothing,3.5,5.521515591457878
100,1147,398.04557169353416,2024-05-26,Books,4.6,5.987005897756912
123,1013,292.6432808334952,2024-01-13,Clothing,2.0,5.6585613871480644
140,1104,260.16259742253806,2024-04-13,Groceries,2.3,5.589288007157722
194,1088,144.5370325119106,2024-03-28,Electronics,2.4,4.9528668761377
187,1115,304.381356155984,2024-04-24,Sports,4.2,5.731433587018056
140,1124,180.70269842009873,2024-05-03,Groceries,1.6,5.21372263821314
152,1099,464.6820008664993,2024-04-08,Clothing,4.6,6.117769714937299
133,1083,431.81616587889584,2024-03-23,Sports,4.2,6.069310304269184
114,1037,174.75250480924677,2024-02-06,Clothing,2.7,5.18490677065042
146,1066,361.2570876953497,2024-03-06,Groceries,1.4,5.900638302721552
189,1057,287.79133766006527,2024-02-26,Groceries,3.2,5.642695001486818
140,1104,274.5470502638113,2024-04-13,Groceries,2.3,5.589288007157722
192,1002,329.76965934254594,2024-01-02,Electronics,4.2,5.801898987940722
162,1079,102.47627861017628,2024-03-19,Books,4.2,4.692204218498587
183,1060,258.6092103989201,2024-02-29,Electronics,4.8,5.546837873885503
137,1020,294.6971068165659,2024-01-20,Electronics,3.2,5.676081548310475
101,1059,392.1310391972454,2024-02-28,Books,2.5,5.98751552770461
135,1070,348.2066206559778,2024-03-10,Electronics,2.985,5.869424115539075
137,1020,293.03442172247657,2024-01-20,Electronics,3.2,5.676081548310475
132,1122,448.1169584310364,2024-05-01,Clothing,2.4,6.116597797747508
149,1071,420.5905373295092,2024-03-11,Sports,1.1,6.058128356318824
146,1066,369.12218466247367,2024-03-06,Groceries,1.4,5.900638302721552
186,1093,276.7370661646863,2024-04-02,Clothing,4.0,5.622336898368504
137,1020,291.9112982249708,2024-01-20,Electronics,3.2,5.676081548310475
188,1102,99.1790596720109,2024-04-11,Electronics,4.6,4.589473901813488
133,1083,427.0581142965061,2024-03-23,Sports,4.2,6.069310304269184
133,1083,434.0347336318762,2024-03-23,Sports,4.2,6.069310304269184
113,1150,315.2852060506527,2024-05-29,Clothing,1.0,5.72946323966904
194,1088,140.28435252295603,2024-03-28,Electronics,2.4,4.9528668761377
192,1002,337.9988781311548,2024-01-02,Electronics,4.2,5.801898987940722
101,1073,138.730332251172,2024-03-13,Books,2.1,4.913000542716076
190,1140,401.5849847964418,2024-05-19,Sports,4.9,6.017017708197605
182,1007,107.22434857755661,2024-01-07,Sports,4.9,4.674619111264685
106,1126,250.59244499867722,2024-05-05,Clothing,3.5,5.521515591457878
152,1058,317.39879046749786,2024-02-27,Clothing,4.8,5.732337171322253
177,1092,182.22829756633104,2024-04-01,Clothing,4.0,5.1771629306850455
172,1049,257.0645708300885,2024-02-18,Electronics,3.6,5.5148882754935045
108,1056,175.79963002951305,2024-02-25,Groceries,2.8,5.144375781214733
161,1041,90.7954896475253,2024-02-10,Electronics,1.2,4.595157914197153
103,1052,411.5465011997327,2024-02-21,Groceries,4.8,6.0334454165864715
199,1012,285.10115017562464,2024-01-12,Electronics,1.6,5.628741610835548
179,1097,280.6789556492025,2024-04-06,Groceries,4.3,5.632360111170108
120,1024,110.96843269350381,2024-01-24,Sports,2.4,4.608112717567246
173,1084,159.15003466961466,2024-03-24,Electronics,5.0,5.053936471982039
117,1080,325.54444695832,2024-03-20,Electronics,2.1,5.779915748443795
132,1025,73.52088565005172,2024-01-25,Electronics,4.0,4.2595941005554945
164,1108,284.1045916270582,2024-04-17,Groceries,3.5,5.655819418096901
187,1018,459.6646460734966,2024-01-18,Groceries,4.8,6.118853745655885
161,1038,317.54024909660336,2024-02-07,Clothing,2.6,5.790785801765578
103,1072,204.65581285724667,2024-03-12,Sports,4.3,5.340094804845703
114,1106,235.74872658651668,2024-04-15,Clothing,4.8,5.499533794116289
171,1128,228.50954788821912,2024-05-07,Clothing,1.3,5.41233455909685
132,1122,451.02066901824605,2024-05-01,Clothing,2.4,6.116597797747508
187,1018,450.1871805338386,2024-01-18,Groceries,4.8,6.118853745655885
103,1052,423.96617404014404,2024-02-21,Groceries,4.8,6.0334454165864715
160,1005,59.888700789357415,2024-01-05,Clothing,1.3,4.11879790985677
185,1139,201.1456749919866,2024-05-18,Sports,4.8,5.259818457561618
147,1132,199.5550593660958,2024-05-11,Clothing,3.8,5.287986712575616
117,1051,424.3241835831119,2024-02-20,Sports,3.3,6.067598637726684
143,1082,410.92101823223163,2024-03-22,Groceries,4.0,6.041926131415007
106,1126,245.2843544750605,2024-05-05,Clothing,3.5,5.521515591457878
132,1131,311.57891167541356,2024-05-10,Sports,4.3,5.746432526879642
132,1131,313.51775368282375,2024-05-10,Sports,4.3,5.746432526879642
179,1097,272.01812135615614,2024-04-06,Groceries,4.3,5.632360111170108
188,1029,302.5332648016178,2024-01-29,Sports,1.2,5.711544647079335
113,1087,495.74013037990295,2024-03-27,Books,4.1,6.215338782669658
190,1031,329.3247731477581,2024-01-31,Groceries,3.8,5.807278458654523
125,1101,186.6728481630023,2024-04-10,Electronics,2.985,5.222705420030827
190,1031,336.24390291523747,2024-01-31,Groceries,3.8,5.807278458654523
106,1126,246.99454768069936,2024-05-05,Clothing,3.5,5.521515591457878
158,1032,113.25931198983132,2024-02-01,Electronics,2.9,4.7187705618515405
134,1120,148.9135367356681,2024-04-29,Groceries,2.8,4.971077115511696
187,1112,244.28715679081964,2024-04-21,Sports,3.7,5.494301287028957
120,1024,97.7246577941037,2024-01-24,Sports,2.4,4.608112717567246
117,1051,438.73057624526115,2024-02-20,Sports,3.3,6.067598637726684
189,1081,342.6402246320956,2024-03-21,Books,2.985,5.841986123331355
121,1015,132.34867887461974,2024-01-15,Sports,3.9,4.915408860991562
187,1018,455.1050913863399,2024-01-18,Groceries,4.8,6.118853745655885
127,1125,135.46241582329495,2024-05-04,Electronics,4.0,4.976234641003859
161,1038,328.7305189335154,2024-02-07,Clothing,2.6,5.790785801765578
146,1144,477.8877385367276,2024-05-23,Sports,4.1,6.160849121652966
164,1142,363.4975302403045,2024-05-21,Sports,2.5,5.865914187795353
123,1013,280.22594941952696,2024-01-13,Clothing,2.0,5.6585613871480644
185,1139,187.35945804113967,2024-05-18,Sports,4.8,5.259818457561618
174,1010,107.76893546605896,2024-01-10,Sports,2.6,4.623818666123366
188,1102,99.07127784893983,2024-04-11,Electronics,4.6,4.589473901813488
173,1084,152.94539456034073,2024-03-24,Electronics,5.0,5.053936471982039
187,1115,313.3537981797247,2024-04-24,Sports,4.2,5.731433587018056
120,1024,99.30335945394337,2024-01-24,Sports,2.4,4.608112717567246
188,1029,300.3818058501196,2024-01-29,Sports,1.2,5.711544647079335
103,1052,419.05552448257333,2024-02-21,Groceries,4.8,6.0334454165864715
171,1128,224.00292301308937,2024-05-07,Clothing,1.3,5.41233455909685
198,1137,396.7887908797435,2024-05-16,Books,2.5,5.966479404540097
121,1015,126.75673785921539,2024-01-15,Sports,3.9,4.915408860991562
132,1122,457.2791283287217,2024-05-01,Clothing,2.4,6.116597797747508
117,1051,429.0140156888511,2024-02-20,Sports,3.3,6.067598637726684
159,1054,513.4417029342159,2024-02-23,Books,2.6,6.235460551127115
198,1137,390.26629784905276,2024-05-16,Books,2.5,5.966479404540097
186,1008,415.571831809903,2024-01-08,Clothing,4.3,6.064089341115761
188,1102,91.29368053338602,2024-04-11,Electronics,4.6,4.589473901813488
104,1148,402.9470455303541,2024-05-27,Clothing,1.4,6.001773497089522
186,1093,282.43421759004667,2024-04-02,Clothing,4.0,5.622336898368504
198,1137,384.1066276052454,2024-05-16,Books,2.5,5.966479404540097
114,1106,245.34437573927207,2024-04-15,Clothing,4.8,5.499533794116289
133,1083,442.68868316770147,2024-03-23,Sports,4.2,6.069310304269184
101,1073,131.002209905996,2024-03-13,Books,2.1,4.913000542716076
161,1038,326.19020490099274,2024-02-07,Clothing,2.6,5.790785801765578
103,1052,423.2586872736494,2024-02-21,Groceries,4.8,6.0334454165864715
106,1126,245.8075136964857,2024-05-05,Clothing,3.5,5.521515591457878
159,1035,126.35402469707422,2024-02-04,Books,2.9,4.838163682961431
152,1099,451.93822204068806,2024-04-08,Clothing,4.6,6.117769714937299
150,1042,391.36413043648724,2024-02-11,Sports,2.985,5.994820880238853
161,1041,95.06299216931693,2024-02-10,Electronics,1.2,4.595157914197153
192,1002,321.5539866914243,2024-01-02,Electronics,4.2,5.801898987940722
114,1106,246.9103276783526,2024-04-15,Clothing,4.8,5.499533794116289
199,1086,167.71845196355102,2024-03-26,Books,2.5,5.125354478464779
143,1064,217.13993945047523,2024-03-04,Sports,1.4,5.3797039741247445
138,1050,262.1081095036353,2024-02-19,Electronics,1.1,5.5890367734409265
144,1107,466.8749999517299,2024-04-16,Clothing,3.3,6.137303462612317
199,1012,278.6702074986393,2024-01-12,Electronics,1.6,5.628741610835548
199,1012,276.6864246880018,2024-01-12,Electronics,1.6,5.628741610835548
199,1012,281.03249662194116,2024-01-12,Electronics,1.6,5.628741610835548
152,1016,429.31619309046846,2024-01-16,Books,3.6,6.065240517296836
140,1104,267.2000652486414,2024-04-13,Groceries,2.3,5.589288007157722
133,1130,392.7179398284796,2024-05-09,Electronics,1.3,5.999380534973844
107,1114,434.13401197379665,2024-04-23,Electronics,4.2,6.086359649277642
132,1122,450.31780152393907,2024-05-01,Clothing,2.4,6.116597797747508
160,1005,58.19981865749738,2024-01-05,Clothing,1.3,4.11879790985677
187,1011,400.2041205504372,2024-01-11,Sports,1.7,5.98512621108604
104,1148,393.76972014882807,2024-05-27,Clothing,1.4,6.001773497089522
171,1004,250.98232248108948,2024-01-04,Clothing,2.8,5.537124237363251
135,1070,340.3624792432278,2024-03-10,Electronics,2.985,5.869424115539075
102,1146,88.29239368563172,2024-05-25,Sports,2.7,4.543882457398175
190,1140,422.7856291990741,2024-05-19,Sports,4.9,6.017017708197605
170,1110,491.52378334482756,2024-04-19,Electronics,2.985,6.201359554592377
133,1083,430.5205831371653,2024-03-23,Sports,4.2,6.069310304269184
141,1033,233.92384693258327,2024-02-02,Groceries,1.4,5.428786312746539
132,1025,69.03671987017192,2024-01-25,Electronics,4.0,4.2595941005554945
137,1020,288.9283988730339,2024-01-20,Electronics,3.2,5.676081548310475
103,1076,150.88891720968545,2024-03-16,Sports,3.5,5.044531124981385
179,1097,271.2924397862218,2024-04-06,Groceries,4.3,5.632360111170108
111,1129,368.97344671359474,2024-05-08,Clothing,3.8,5.908220116511938
183,1060,252.61664700541138,2024-02-29,Electronics,4.8,5.546837873885503
146,1066,364.18439432982103,2024-03-06,Groceries,1.4,5.900638302721552
105,1074,279.10690747433347,2024-03-14,Books,1.5,5.630501496177297
186,1093,281.4569683570664,2024-04-02,Clothing,4.0,5.622336898368504
171,1091,60.89720282508411,2024-03-31,Electronics,2.7,4.098908533203667
177,1145,165.25414827553715,2024-05-24,Groceries,3.2,5.167536569184738
186,1093,278.42603299639694,2024-04-02,Clothing,4.0,5.622336898368504
162,1116,351.71823128050244,2024-04-25,Books,1.4,5.829502541786044
132,1025,68.95243973112981,2024-01-25,Electronics,4.0,4.2595941005554945
179,1097,270.4533492645097,2024-04-06,Groceries,4.3,5.632360111170108
113,1150,310.3970354604912,2024-05-29,Clothing,1.0,5.72946323966904
161,1041,91.82769504446966,2024-02-10,Electronics,1.2,4.595157914197153
146,1040,168.79287966934243,2024-02-09,Books,3.5,5.11210740740874
101,1059,393.72917872546776,2024-02-28,Books,2.5,5.98751552770461
161,1041,95.83030871906696,2024-02-10,Electronics,1.2,4.595157914197153
105,1074,279.3381973324054,2024-03-14,Books,1.5,5.630501496177297
192,1002,331.93662383563003,2024-01-02,Electronics,4.2,5.801898987940722
117,1080,325.78504171213666,2024-03-20,Electronics,2.1,5.779915748443795
174,1009,227.9443370475412,2024-01-09,Electronics,3.8,5.440329694617921
134,1141,240.92004174950037,2024-05-20,Books,4.0,5.481362212733225
121,1015,131.36531021172794,2024-01-15,Sports,3.9,4.915408860991562
190,1140,406.85286779378293,2024-05-19,Sports,4.9,6.017017708197605
151,1001,403.5080327871077,2024-01-01,Sports,2.3,5.999653706005237
180,1118,379.29510081710146,2024-04-27,Electronics,1.2,5.933879444239138
191,1061,446.87232044796355,2024-03-01,Sports,4.6,6.10365530797188
100,1113,176.8323511591256,2024-04-22,Clothing,4.0,5.170720717144621
175,1026,212.99865447311063,2024-01-26,Sports,1.1,5.347355198688757
134,1067,290.57990477778526,2024-03-07,Sports,3.7,5.667898928545158
173,1084,159.24897192544512,2024-03-24,Electronics,5.0,5.053936471982039
136,1136,463.025167826598,2024-05-15,Electronics,2.5,6.13181990389793
108,1111,252.14161020505807,2024-04-20,Books,2.3,5.554295743052413
149,1071,417.2477341216027,2024-03-11,Sports,1.1,6.058128356318824
192,1078,475.3899964905057,2024-03-18,Books,3.9,6.168567973463542
103,1052,412.0911809219026,2024-02-21,Groceries,4.8,6.0334454165864715
143,1082,420.66861014538824,2024-03-22,Groceries,4.0,6.041926131415007
152,1099,454.53187687361105,2024-04-08,Clothing,4.6,6.117769714937299
103,1076,149.34349035902198,2024-03-16,Sports,3.5,5.044531124981385
151,1001,393.9466524921795,2024-01-01,Sports,2.3,5.999653706005237
117,1051,427.3904774905297,2024-02-20,Sports,3.3,6.067598637726684
159,1062,190.94695105585535,2024-03-02,Electronics,1.8,5.233326001783517
185,1139,194.11323165883536,2024-05-18,Sports,4.8,5.259818457561618
183,1060,252.9416223087994,2024-02-29,Electronics,4.8,5.546837873885503
134,1121,230.88322674897586,2024-04-30,Sports,4.6,5.474123215315808
190,1031,324.91690599130243,2024-01-31,Groceries,3.8,5.807278458654523
187,1135,482.52221818995247,2024-05-14,Books,4.9,6.177758623218199
110,1117,340.32574516258416,2024-04-26,Sports,3.0,5.821624194319575
161,1085,155.34809482780852,2024-03-25,Sports,2.7,5.014991953432
107,1114,442.2178491690438,2024-04-23,Electronics,4.2,6.086359649277642
194,1088,148.29348972438825,2024-03-28,Electronics,2.4,4.9528668761377
198,1143,471.92111754442533,2024-05-22,Books,2.985,6.166422997285808
132,1122,455.10009421031185,2024-05-01,Clothing,2.4,6.116597797747508
106,1126,262.7050564282106,2024-05-05,Clothing,3.5,5.521515591457878
151,1001,403.81276319382704,2024-01-01,Sports,2.3,5.999653706005237
186,1093,281.6855568972104,2024-04-02,Clothing,4.0,5.622336898368504
177,1092,177.57569592956165,2024-04-01,Clothing,4.0,5.1771629306850455
186,1008,425.2588959129468,2024-01-08,Clothing,4.3,6.064089341115761
147,1089,243.99951621190695,2024-03-29,Groceries,2.985,5.477621136689884
160,1005,60.80116061315774,2024-01-05,Clothing,1.3,4.11879790985677
128,1105,217.03406500336197,2024-04-14,Books,4.8,5.358369004457683
120,1006,390.51145975770316,2024-01-06,Groceries,1.1,5.982985726394322
171,1004,250.50015568853723,2024-01-04,Clothing,2.8,5.537124237363251
185,1139,187.25642681885617,2024-05-18,Sports,4.8,5.259818457561618
186,1093,281.627194862445,2024-04-02,Clothing,4.0,5.622336898368504
161,1134,496.3140415298447,2024-05-13,Sports,1.3,6.204989946648136
102,1045,370.3763047962732,2024-02-14,Electronics,4.4,5.915234433975282
117,1051,424.0405077863067,2024-02-20,Sports,3.3,6.067598637726684
128,1105,215.39088517390627,2024-04-14,Books,4.8,5.358369004457683
188,1029,303.2084889160689,2024-01-29,Sports,1.2,5.711544647079335
107,1119,428.1552384068763,2024-04-28,Sports,3.2,6.049599404080683
187,1135,486.8546391349576,2024-05-14,Books,4.9,6.177758623218199
127,1125,147.8789937013526,2024-05-04,Electronics,4.0,4.976234641003859
187,1112,236.72044900146477,2024-04-21,Sports,3.7,5.494301287028957
108,1111,254.6718621218904,2024-04-20,Books,2.3,5.554295743052413
102,1014,104.83398588859302,2024-01-14,Electronics,3.2,4.697169093863393
187,1011,397.68924257891354,2024-01-11,Sports,1.7,5.98512621108604
192,1078,479.6775718678427,2024-03-18,Books,3.9,6.168567973463542
161,1041,100.770518349238,2024-02-10,Electronics,1.2,4.595157914197153
114,1037,182.755260400385,2024-02-06,Clothing,2.7,5.18490677065042
147,1132,195.95737146846255,2024-05-11,Clothing,3.8,5.287986712575616
133,1083,431.12815673330437,2024-03-23,Sports,4.2,6.069310304269184
140,1124,183.26608214006723,2024-05-03,Groceries,1.6,5.21372263821314
101,1073,140.36417844290278,2024-03-13,Books,2.1,4.913000542716076
102,1045,375.80875049990937,2024-02-14,Electronics,4.4,5.915234433975282
120,1048,293.8711509023936,2024-02-17,Groceries,1.3,5.6921907371752765
170,1063,367.9371438846728,2024-03-03,Books,1.3,5.903372168595902
117,1080,323.16117961363756,2024-03-20,Electronics,2.1,5.779915748443795
114,1090,155.92322725705063,2024-03-30,Clothing,4.4,5.0290405327380725
172,1049,240.9720483883657,2024-02-18,Electronics,3.6,5.5148882754935045
134,1141,243.43543492913085,2024-05-20,Books,4.0,5.481362212733225
163,1022,216.80337639443576,2024-01-22,Groceries,2.7,5.384059133981323
159,1054,513.4568418154885,2024-02-23,Books,2.6,6.235460551127115
143,1064,222.72500757801572,2024-03-04,Sports,1.4,5.3797039741247445
188,1029,298.15198473767146,2024-01-29,Sports,1.2,5.711544647079335
110,1117,335.12733579637217,2024-04-26,Sports,3.0,5.821624194319575
190,1140,410.63378994152885,2024-05-19,Sports,4.9,6.017017708197605
101,1059,396.5180892713317,2024-02-28,Books,2.5,5.98751552770461
160,1005,62.78738593497678,2024-01-05,Clothing,1.3,4.11879790985677
105,1074,283.849419152862,2024-03-14,Books,1.5,5.630501496177297
120,1024,97.51917053494094,2024-01-24,Sports,2.4,4.608112717567246
146,1066,365.1816452155004,2024-03-06,Groceries,1.4,5.900638302721552
117,1080,321.63389469966614,2024-03-20,Electronics,2.1,5.779915748443795
186,1008,425.4980627283533,2024-01-08,Clothing,4.3,6.064089341115761
102,1014,113.07846237946647,2024-01-14,Electronics,3.2,4.697169093863393
171,1091,62.53142808191728,2024-03-31,Electronics,2.7,4.098908533203667
179,1036,490.2585642740681,2024-02-05,Clothing,1.7,6.188762353007909
107,1114,437.11231797943793,2024-04-23,Electronics,4.2,6.086359649277642
159,1023,89.78517885274626,2024-01-23,Groceries,2.0,4.501596482944924
137,1020,287.20157591672205,2024-01-20,Electronics,3.2,5.676081548310475
135,1070,350.0901203254757,2024-03-10,Electronics,2.985,5.869424115539075
170,1063,366.656048792628,2024-03-03,Books,1.3,5.903372168595902
199,1086,174.8962522538099,2024-03-26,Books,2.5,5.125354478464779
101,1073,130.9183956594115,2024-03-13,Books,2.1,4.913000542716076
161,1039,95.54420079596638,2024-02-08,Groceries,2.985,4.520882381544291
190,1031,332.7990619931666,2024-01-31,Groceries,3.8,5.807278458654523
120,1024,99.70378546912865,2024-01-24,Sports,2.4,4.608112717567246
185,1139,198.3866411229915,2024-05-18,Sports,4.8,5.259818457561618
100,1113,167.27015713029098,2024-04-22,Clothing,4.0,5.170720717144621
127,1125,146.81680021706944,2024-05-04,Electronics,4.0,4.976234641003859
101,1059,402.6942490092652,2024-02-28,Books,2.5,5.98751552770461
153,1075,233.93404071787987,2024-03-15,Groceries,3.8,5.466966838425119
189,1057,288.7935752943263,2024-02-26,Groceries,3.2,5.642695001486818
108,1111,256.7237951538649,2024-04-20,Books,2.3,5.554295743052413
159,1103,225.90952571490385,2024-04-12,Electronics,1.4,5.429668593949623
187,1112,243.734388024744,2024-04-21,Sports,3.7,5.494301287028957
164,1108,293.4704336554511,2024-04-17,Groceries,3.5,5.655819418096901
100,1147,395.096636143021,2024-05-26,Books,4.6,5.987005897756912
123,1100,170.8013820214911,2024-04-09,Clothing,2.6,5.162137063693089
179,1097,283.06948767524744,2024-04-06,Groceries,4.3,5.632360111170108
186,1093,284.2773656779269,2024-04-02,Clothing,4.0,5.622336898368504
198,1137,385.34278587472863,2024-05-16,Books,2.5,5.966479404540097
152,1058,308.3296455717725,2024-02-27,Clothing,4.8,5.732337171322253
150,1042,406.5811031716652,2024-02-11,Sports,2.985,5.994820880238853
177,1068,225.00808850090363,2024-03-08,Groceries,1.3,5.405448755074296
154,1043,343.1880746452433,2024-02-12,Electronics,2.985,5.823440259933582
144,1107,459.4743183770237,2024-04-16,Clothing,3.3,6.137303462612317
187,1011,393.24391309150195,2024-01-11,Sports,1.7,5.98512621108604
143,1138,201.81141857699055,2024-05-17,Sports,4.3,5.30699438893276
179,1097,277.57317520050105,2024-04-06,Groceries,4.3,5.632360111170108
150,1042,406.38440382183,2024-02-11,Sports,2.985,5.994820880238853
192,1078,479.8865384022408,2024-03-18,Books,3.9,6.168567973463542
179,1097,286.0063609538738,2024-04-06,Groceries,4.3,5.632360111170108
190,1031,320.53210021480186,2024-01-31,Groceries,3.8,5.807278458654523
153,1077,372.9483972365504,2024-03-17,Electronics,4.5,5.92088888299059
163,1044,501.05716155508134,2024-02-13,Sports,3.0,6.20457429435535
101,1021,205.9546313902627,2024-01-21,Groceries,3.4,5.285155667021942
159,1103,220.0744822747061,2024-04-12,Electronics,1.4,5.429668593949623
161,1039,93.11443152430685,2024-02-08,Groceries,2.985,4.520882381544291
158,1032,110.1435974514529,2024-02-01,Electronics,2.9,4.7187705618515405
161,1094,90.81066854380725,2024-04-03,Groceries,1.4,4.50990483320131
170,1063,357.6551252949722,2024-03-03,Books,1.3,5.903372168595902
133,1083,431.47372555739935,2024-03-23,Sports,4.2,6.069310304269184
134,1120,151.39992638110274,2024-04-29,Groceries,2.8,4.971077115511696
146,1144,481.4360878692756,2024-05-23,Sports,4.1,6.160849121652966
113,1150,310.1736173593081,2024-05-29,Clothing,1.0,5.72946323966904
102,1146,88.29974508237727,2024-05-25,Sports,2.7,4.543882457398175
105,1074,281.09137001086833,2024-03-14,Books,1.5,5.630501496177297
100,1147,390.7274953509638,2024-05-26,Books,4.6,5.987005897756912
184,1096,272.56955829676826,2024-04-05,Clothing,3.0,5.612587632921499
180,1118,382.01654540654295,2024-04-27,Electronics,1.2,5.933879444239138
152,1016,420.56350606978356,2024-01-16,Books,3.6,6.065240517296836
172,1127,159.07789748287084,2024-05-06,Books,1.4,5.062419675026382
159,1103,232.1401934943935,2024-04-12,Electronics,1.4,5.429668593949623
151,1001,393.04905491626005,2024-01-01,Sports,2.3,5.999653706005237
158,1032,114.51132312143703,2024-02-01,Electronics,2.9,4.7187705618515405
150,1042,400.35519124211146,2024-02-11,Sports,2.985,5.994820880238853
194,1088,136.5535287063723,2024-03-28,Electronics,2.4,4.9528668761377
162,1116,338.2528550046347,2024-04-25,Books,1.4,5.829502541786044
161,1085,139.79983128271607,2024-03-25,Sports,2.7,5.014991953432
140,1104,268.5405154215398,2024-04-13,Groceries,2.3,5.589288007157722
170,1063,365.63047705819474,2024-03-03,Books,1.3,5.903372168595902
170,1063,370.1418857590473,2024-03-03,Books,1.3,5.903372168595902
172,1127,155.76664962216492,2024-05-06,Books,1.4,5.062419675026382
143,1138,198.23795255631575,2024-05-17,Sports,4.3,5.30699438893276
128,1105,216.78984038344302,2024-04-14,Books,4.8,5.358369004457683
174,1010,96.8978543038879,2024-01-10,Sports,2.6,4.623818666123366
189,1081,345.4383245291059,2024-03-21,Books,2.985,5.841986123331355
134,1121,233.34693198264017,2024-04-30,Sports,4.6,5.474123215315808
189,1057,287.50394418907064,2024-02-26,Groceries,3.2,5.642695001486818
141,1033,220.9367451746425,2024-02-02,Groceries,1.4,5.428786312746539
106,1126,238.3963281417457,2024-05-05,Clothing,3.5,5.521515591457878
129,1019,287.27494851148975,2024-01-19,Electronics,4.0,5.6494846861891705
134,1141,250.44365810470913,2024-05-20,Books,4.0,5.481362212733225
110,1117,336.51424603775934,2024-04-26,Sports,3.0,5.821624194319575
123,1013,293.06472657149106,2024-01-13,Clothing,2.0,5.6585613871480644
161,1041,100.46252628335772,2024-02-10,Electronics,1.2,4.595157914197153
161,1094,85.38588441284345,2024-04-03,Groceries,1.4,4.50990483320131
101,1059,401.91983955642917,2024-02-28,Books,2.5,5.98751552770461
136,1136,457.9888440197409,2024-05-15,Electronics,2.5,6.13181990389793
152,1099,455.42530861655155,2024-04-08,Clothing,4.6,6.117769714937299
101,1073,139.9342537124083,2024-03-13,Books,2.1,4.913000542716076
105,1074,273.2159812697758,2024-03-14,Books,1.5,5.630501496177297
102,1146,89.34953653332923,2024-05-25,Sports,2.7,4.543882457398175
137,1020,280.7064017283439,2024-01-20,Electronics,3.2,5.676081548310475
198,1143,466.9829741026223,2024-05-22,Books,2.985,6.166422997285808
107,1119,417.85804390646234,2024-04-28,Sports,3.2,6.049599404080683
104,1123,294.3196782494205,2024-05-02,Clothing,1.5,5.691149594652411
132,1122,462.0057722900036,2024-05-01,Clothing,2.4,6.116597797747508
187,1011,394.7931861126869,2024-01-11,Sports,1.7,5.98512621108604
187,1135,486.59033532012745,2024-05-14,Books,4.9,6.177758623218199
159,1103,238.63929209229062,2024-04-12,Electronics,1.4,5.429668593949623
136,1136,449.4710639519054,2024-05-15,Electronics,2.5,6.13181990389793
177,1092,180.33590565559507,2024-04-01,Clothing,4.0,5.1771629306850455
187,1135,478.0603499647153,2024-05-14,Books,4.9,6.177758623218199
189,1081,352.2606279379664,2024-03-21,Books,2.985,5.841986123331355
188,1029,298.0822713740781,2024-01-29,Sports,1.2,5.711544647079335
187,1115,302.9263615307797,2024-04-24,Sports,4.2,5.731433587018056
101,1017,266.05804655548786,2024-01-17,Books,2.1,5.554626439444728
185,1139,191.80813819877062,2024-05-18,Sports,4.8,5.259818457561618
174,1009,221.83524495107633,2024-01-09,Electronics,3.8,5.440329694617921
161,1085,148.7116252243624,2024-03-25,Sports,2.7,5.014991953432
174,1010,93.49489002447551,2024-01-10,Sports,2.6,4.623818666123366
188,1102,103.73757389471962,2024-04-11,Electronics,4.6,4.589473901813488
163,1044,495.97792034001446,2024-02-13,Sports,3.0,6.20457429435535
153,1077,364.33190724048455,2024-03-17,Electronics,4.5,5.92088888299059
180,1118,370.85741453539663,2024-04-27,Electronics,1.2,5.933879444239138
103,1076,154.2165236459855,2024-03-16,Sports,3.5,5.044531124981385
159,1035,127.5906476447164,2024-02-04,Books,2.9,4.838163682961431
104,1148,411.8564703495609,2024-05-27,Clothing,1.4,6.001773497089522
139,1095,406.7695008771265,2024-04-04,Clothing,4.6,6.006600740521336
101,1021,193.08974913717677,2024-01-21,Groceries,3.4,5.285155667021942
133,1130,403.88647032304715,2024-05-09,Electronics,1.3,5.999380534973844
101,1021,190.32214410051435,2024-01-21,Groceries,3.4,5.285155667021942
184,1096,275.4282069765341,2024-04-05,Clothing,3.0,5.612587632921499
